Atomic Number;Symbol;Group;Old Group;Period;English;German;French;Spanish;Italian;Atomic Mass;Atomic Mass (IUPAC 2005);Melting Point, °C;Boiling Point, °C;State at Room Temperature;Density (g/mL);Electronegativity (Pauling);1st ionization potential (eV) ;2nd ionization potential (eV) ;3rd ionization potential (eV) ;1st ionization potential (kJ/mol) ;2nd ionization potential (kJ/mol) ;3rd ionization potential (kJ/mol) ;Predicted Electron Configuration;Observed Electron Configuration;Atomic Radius (pm);Atomic Volume (cm^3/mol);Crystal Structure;CAS Registry Number;Electrical Conductivity (mho/cm) ;Specific Heat (J/g K) ;Heat of Fusion (kJ/mol) ;Heat of Vaporization (kJ/mol) ;Thermal Conductivity (W/(m K)) ;mg/kg in Earth's crust;mg/L in seawater;% human body mass;Source;Color;Uses;Year Discovered
1;H;1;I A;1;hydrogen;Wasserstoff;hydrog?ne;hidrógeno;idrogeno;1.008;1.00794;-259.1;-252.9;g;0.0000699;2.2;13.5984;N/A;N/A;1312;N/A;N/A;1s1;1s1;37.1;14.4;hexagonal;1333-74-0;N/A;14.304;0.05868;0.44936;0.1815;1400;108000;10;Water, methane;colorless;rocket fuel;1766
2;He;18;VIII A;1;helium;Helium;hélium;helio;elio;4.003;4.0026;-272.2;-268.9;g;0.000179;N/A;24.5874;54.416;N/A;2372;5250;N/A;1s2;1s2;31;19.5;hexagonal;7440-59-7;N/A;5.193;N/A;0.0845;0.152;0.008;7.00E-16;N/A;Natural gas, air;colorless;cryogenics, blimps;1895
3;Li;1;I A;2;lithium;Lithium;lithium;litio;litio;6.941;6.941;180.5;1342;s;0.543;0.98;5.3917;76.638;122.451;520;7394;11815;[He] 2s1;[He] 2s1;152;13.1;cubic: body centered;7439-93-2;0.108;3.6;3;145.92;84.7;20;0.18;N/A;Spodumene (silicate);silvery;batteries, lubricant;1817
4;Be;2;II A;2;beryllium;Beryllium;béryllium;berilio;berillio;9.012;9.01218;1278;2970;s;1.85;1.57;9.3226;18.211;153.893;899;1757;14848;[He] 2s2;[He] 2s2;112;5;hexagonal;7440-41-7;0.313;1.82;12.2;292.4;200;2.8;0.0000056;N/A;Beryl (silicate);steel gray;Cu alloys, X-ray windows;1797
5;B;13;III A;2;boron;Bor;bore;boro;boro;10.81;10.811;2079;2550;s;2.34;2.04;8.298;25.154;37.93;801;2427;3660;[He] 2s2 2p1;[He] 2s2 2p1;85;4.6;rhombohedral;7440-42-8;1.00E-12;1.02;50.2;489.7;27;10;4.44;0.00007;Na and Ca borates (misc);black;borax, glass making(B2O3);1808
6;C;14;IV A;2;carbon;Kohlenlstoff;carbone;carbono;carbonio;12.01;12.0107;3367;4827;s;2.25;2.55;11.2603;24.383;47.887;1086;2353;4620;[He] 2s2 2p2;[He] 2s2 2p2;77.2;4.58;hexagonal;7440-44-0;0.00061;0.71;N/A;355.8;129;200;28;23;Coal,Petroleum,Natural gas;black;fuel(coal), lubricant;N/A
7;N;15;V A;2;nitrogen;Stickstoff;azote;nitrógeno;azoto;14.01;14.0067;-209.9;-195.8;g;0.00125;3.04;14.5341;29.601;47.448;1402;2856;4578;[He] 2s2 2p3;[He] 2s2 2p3;70;17.3;hexagonal;77727-37-9;N/A;1.04;0.3604;2.7928;0.02598;19;50;2.6;Air;colorless;fertilizer, cryogenics;1772
8;O;16;VI A;2;oxygen;Sauerstoff;oxyg?ne;oxígeno;ossigeno;16;15.9994;-218.4;-183;g;0.00143;3.44;13.6181;35.117;54.934;1314;3388;5300;[He] 2s2 2p4;[He] 2s2 2p4;73;14;cubic;7782-44-7;N/A;0.92;0.22259;3.4099;0.02674;461000;857000;61;Air;colorless;rocket fuel, steel mfr.;1774
9;F;17;VII A;2;fluorine;Fluor;fluor;flúor;fluoro;19;18.9984;-219.8;-188.1;g;0.0017;3.98;17.4228;34.97;62.707;1681;3374;6050;[He] 2s2 2p5;[He] 2s2 2p5;72;12.6;cubic;7782-41-4;N/A;0.82;0.2552;3.2698;0.0279;585;1.3;0.0033;Fluorite (misc);colorless;fluorocarbons, toothpaste;1886
10;Ne;18;VIII A;2;neon;Neon;néon;neón;neon;20.18;20.1797;-248;-248.7;g;0.0009;N/A;21.5645;40.962;63.45;2081;3952;6122;[He] 2s2 2p6;[He] 2s2 2p6;71;17.3;cubic: face centered;09.01.7440;N/A;0.904;0.3317;1.7326;0.0493;0.005;0.00012;N/A;Air;colorless;Neon signs;1898
11;Na;1;I A;3;sodium;Natrium;sodium;sodio;sodio;22.99;22.98977;97.8;883;s;0.971;0.93;5.1391;47.286;71.641;496;4562;6912;[Ne] 3s1;[Ne] 3s1;186;23.7;cubic: body centered;7440-23-5;0.21;1.23;2.598;96.96;141;0.000236;10800;0.14;Halite (misc);silvery;lamps, table salt;1807
12;Mg;2;II A;3;magnesium;Magnesium;magnésium;magnesio;magnesio;24.31;24.305;649;1090;s;1.74;1.31;7.6462;15.035;80.143;738;1451;7733;[Ne] 3s2;[Ne] 3s2;160;13.97;hexagonal;7439-95-4;0.226;1.02;8.954;127.4;156;23300;1290;0.027;Seawater, magnesite;silvery;alloys, flash bulbs;1808
13;Al;13;III A;3;aluminum;Aluminium;aluminium;aluminio;alluminio;26.98;26.98154;660;2467;s;2.7;1.61;5.9858;18.828;28.447;578;1817;2745;[Ne] 3s2 3p1;[Ne] 3s2 3p1;143;10;cubic: face centered;7429-90-5;0.377;0.9;10.79;293.4;237;82300;0.002;0.00009;Bauxite (oxide);silvery;Al cans & foil,reflectors;1825
14;Si;14;IV A;3;silicon;Silizium;silicium;silicio;silicio;28.09;28.0855;1410;2355;s;2.33;1.9;8.1517;16.345;33.492;787;1577;3231;[Ne] 3s2 3p2;[Ne] 3s2 3p2;117.6;12.1;cubic: face centered;7440-21-3;2.52E-12;0.71;50.55;384.22;148;282000;2.2;0.026;Quartz (oxide);gray-black;comp chip,lubricant,glass;1824
15;P;15;V A;3;phosphorus;Phosphor;phosphore;fósforo;fosforo;30.97;30.97376;44.1;280;s;1.82;2.19;10.4867;19.725;30.18;1012;1903;2912;[Ne] 3s2 3p3;[Ne] 3s2 3p3;110;17;monoclinic;7723-14-0;1.00E-17;0.77;0.657;12.129;0.235;1050;0.06;1.1;Apatite (phosphate);white-yellow;fertilizer, detergents;1669
16;S;16;VI A;3;sulfur;Schwefel;soufre;azufre;zolfo;32.07;32.065;112.8;444.7;s;2.07;2.58;10.36;23.33;34.83;1000;2251;3361;[Ne] 3s2 3p4;[Ne] 3s2 3p4;103;15.5;orthorhombic;7704-34-9;5.00E-24;0.71;1.7175;N/A;0.269;350;905;0.2;Sulfur,pyrite,natural gas;yellow(pale);rubber, batteries (H2SO4);N/A
17;Cl;17;VII A;3;chlorine;Chlor;chlore;cloro;cloro;35.45;35.453;-101;-34.6;g;0.00321;3.16;12.9676;23.81;39.611;1251;2297;3822;[Ne] 3s2 3p5;[Ne] 3s2 3p5;100;16.9;orthorhombic;7782-50-5;N/A;0.48;3.23;10.2;0.0089;145;19400;0.12;Halite, brine (misc);greenish-yellow;bleach (NaOCl), PVC pipe;1774
18;Ar;18;VIII A;3;argon;Argon;argon;argón;argo;39.95;39.948;-189.2;-185.7;g;0.00178;N/A;15.7596;27.629;40.74;1521;2666;3931;[Ne] 3s2 3p6;[Ne] 3s2 3p6;98;23.9;cubic: face centered;7440-37-1;N/A;0.52;1.188;6.447;0.01772;3.5;0.45;N/A;Air;colorless;lasers, light bulbs;1894
19;K;1;I A;4;potassium;Kalium;potassium;potasio;potassio;39.1;39.0983;63.3;760;s;0.86;0.82;4.3407;31.625;45.72;419;3051;4411;[Ar] 4s1;[Ar] 4s1;227;45.46;cubic: body centered;07.09.7440;0.139;0.75;2.334;79.87;102.4;20900;399;0.2;Sylvite, carnallite (misc);silvery-white;fertilizer, low-Na salt;1807
20;Ca;2;II A;4;calcium;Kalzium;calcium;calcio;calcio;40.08;40.078;839;1484;s;1.55;1;6.1132;11.871;50.908;590;1145;4912;[Ar] 4s2;[Ar] 4s2;197;25.9;cubic: face centered;7440-70-2;0.298;0.63;8.54;153.3;200;41500;412;1.4;Calcite (oxide);silvery-white;lime, cement;1808
21;Sc;3;III B;4;scandium;Skandium;scandium;escandio;scandio;44.96;44.95591;1541;2832;s;2.99;1.36;6.5614;12.8;24.76;633;1235;2389;[Ar] 4s2 3d1;[Ar] 4s2 3d1;162;15;hexagonal;7440-20-2;0.0177;0.6;14.1;314.2;15.8;22;0.0000006;N/A;U extractn by-product;silvery-white;no significant uses;1879
22;Ti;4;IV B;4;titanium;Titan;titane;titanio;titanio;47.87;47.867;1660;3287;s;4.54;1.54;6.8282;13.58;27.491;659;1310;2652;[Ar] 4s2 3d2;[Ar] 4s2 3d2;147;10.64;hexagonal;7440-32-6;0.0234;0.52;15.45;421;21.9;5650;0.001;N/A;Ilmenite, rutile(oxide);gray;steel,white pigment(TiO2);1791
23;V;5;V B;4;vanadium;Vanadium;vanadium;vanadio;vanadio;50.94;50.9415;1890;3380;s;6.11;1.63;6.7463;14.65;29.31;651;1414;2828;[Ar] 4s2 3d3;[Ar] 4s2 3d3;134;8.78;cubic: body centered;7440-62-2;0.0489;0.49;20.9;0.452;30.7;120;0.0025;N/A;U, Pb vanadates (misc);bright white;tool steel, V2O5 catalyst;1830
24;Cr;6;VI B;4;chromium;Chrom;chrome;cromo;cromo;52;51.9961;1857;2672;s;7.19;1.66;6.7666;16.5;30.96;653;1592;2987;[Ar] 4s2 3d4;[Ar] 4s1 3d5;128;7.23;cubic: body centered;7440-47-3;0.0774;0.45;16.9;344.3;93.7;102;0.0003;0.000003;Chromite (oxide);silvery-white;CrO2 tape, paint, steel;1798
25;Mn;7;VII B;4;manganese;Mangan;mangan?se;manganeso;manganese;54.94;54.93805;1244;1962;s;7.43;1.55;7.434;15.64;33.667;717;1509;3248;[Ar] 4s2 3d5;[Ar] 4s2 3d5;127;7.39;cubic: body centered;7439-96-5;0.00695;0.48;12.05;266;7.82;950;0.0002;0.00002;Pyrolusite,psilomelane(oxide);gray-white;steel, dry cells(MnO2);1774
26;Fe;8;VIII B;4;iron;Eisen;fer;hierro;ferro;55.85;55.845;1535;2750;s;7.86;1.83;7.9024;16.18;30.651;762;1561;2957;[Ar] 4s2 3d6;[Ar] 4s2 3d6;126;7.1;cubic: body centered;7439-89-6;0.0993;0.44;13.8;349.6;80.2;56300;0.002;0.006;Hematite,magnetite(oxide);gray;steel;N/A
27;Co;9;VIII B;4;cobalt;Kobalt;cobalt;cobalto;cobalto;58.93;58.9332;1495;2870;s;8.9;1.88;7.881;17.06;33.5;760;1646;3232;[Ar] 4s2 3d7;[Ar] 4s2 3d7;125;6.7;hexagonal;7440-48-4;0.172;0.42;16.19;376.5;100;25;0.00002;0.000002;Co sulfides & arsenides;bluish-white;magnets, Co glass (blue);1737
28;Ni;10;VIII B;4;nickel;Nickel;nickel;níquel;nichelio;58.69;58.6934;1453;2730;s;8.9;1.91;7.6398;18.168;35.17;737;1753;3393;[Ar] 4s2 3d8;[Ar] 4s2 3d8;124;6.59;cubic: face centered;7440-02-0;0.143;0.44;17.47;370.4;90.7;84;5.60E-14;0.00001;sulfides, oxide/silicates;silvery-white;alloys, coins, batteries;1751
29;Cu;11;I B;4;copper;Kupfer;cuivre;cobre;rame;63.55;63.546;1083;2567;s;8.96;1.9;7.7264;20.292;36.83;745;1958;3554;[Ar] 4s2 3d9;[Ar] 4s1 3d10;128;7.1;cubic: face centered;7440-50-8;0.596;0.38;13.05;300.3;401;60;2.50E-14;0.0001;Cu pyrite,chalcocite(sulfide);orange-red;wire, bronze, coins;N/A
30;Zn;12;II B;4;zinc;Zink;zinc;zinc;zinco;65.41;65.409;419.6;906;s;7.13;1.65;9.3941;17.964;39.722;906;1733;3833;[Ar] 4s2 3d10;[Ar] 4s2 3d10;134;9.2;hexagonal;7440-66-6;0.166;0.39;7.322;115.3;116;70;0.0049;0.0033;Sphalerite (sulfide);silvery;batteries, galvanizing;1600
31;Ga;13;III A;4;gallium;Gallium;gallium;galio;gallio;69.72;69.723;29.8;2403;s;5.9;1.81;5.9993;20.51;30.71;579;1979;2963;[Ar] 4s2 3d10 4p1;[Ar] 4s2 3d10 4p1;135;11.8;orthorhombic;7440-55-3;0.0678;0.37;5.59;258.7;40.6;19;0.00003;N/A;Bauxite (oxide);silvery-blue;photocells, transistors;1875
32;Ge;14;IV A;4;germanium;Germanium;germanium;germanio;germanio;72.64;72.64;947.4;2830;s;5.32;2.01;7.9;15.934;34.22;762;1537;3302;[Ar] 4s2 3d10 4p2;[Ar] 4s2 3d10 4p2;122.3;13.6;cubic: face centered;7440-56-2;1.45E-08;0.32;36.94;330.9;59.9;1.5;0.00005;N/A;Zn smelting by-product;gray-black;transistor, wide-ang lens;1886
33;As;15;V A;4;arsenic;Arsen;arsenic;arsénico;arsenico;74.92;74.9216;817;617;s;5.73;2.18;9.8152;18.633;28.351;947;1798;2735;[Ar] 4s2 3d10 4p3;[Ar] 4s2 3d10 4p3;120;13.1;rhombohedral;7440-38-2;0.0345;0.33;N/A;34.76;50;1.8;0.0037;N/A;Arsenopyrite, enargite (misc);gray;photocells (GaAs), poisons;1600
34;Se;16;VI A;4;selenium;Selen;sélénium;selenio;selenio;78.96;78.96;217;685;s;4.79;2.55;9.7524;21.19;30.82;941;2045;2974;[Ar] 4s2 3d10 4p4;[Ar] 4s2 3d10 4p4;119;16.45;hexagonal;7782-49-2;1.00E-12;0.32;6.694;37.7;2.04;0.05;0.0002;N/A;Cu smelting by-product;black;Xerography, medicines;1818
35;Br;17;VII A;4;bromine;Brom;brome;bromo;bromo;79.9;79.904;-7.2;58.8;l;3.12;2.96;11.8138;21.8;36;1140;2103;3473;[Ar] 4s2 3d10 4p5;[Ar] 4s2 3d10 4p5;114;25.6;orthorhombic;7726-95-6;N/A;0.473;5.286;15.438;0.122;2.4;67.3;0.00029;Seawater, brines;red-brown;pesticides,photography;1826
36;Kr;18;VIII A;4;krypton;Krypton;krypton;criptón;kripto;83.8;83.798;-157;-152;g;0.00374;3;13.9996;24.359;36.95;1351;2350;3565;[Ar] 4s2 3d10 4p6;[Ar] 4s2 3d10 4p6;112;38.9;cubic: face centered;7439-90-9;N/A;0.248;1.638;9.029;0.00949;0.0001;0.00021;N/A;Air;colorless;lamps, UV-laser;1898
37;Rb;1;I A;5;rubidium;Rubidium;rubidium;rubidio;rubidio;85.47;85.4678;38.9;686;s;1.53;0.82;4.1771;27.28;40;403;2632;3859;[Kr] 5s1;[Kr] 5s1;248;55.9;cubic: body centered;7440-17-7;0.0779;0.363;2.192;72.216;58.2;90;0.12;0.00046;Li extractn by-product;silvery-white;photocells;1861
38;Sr;2;II A;5;strontium;Strontium;strontium;estroncio;stronzio;87.62;87.62;769;1384;s;2.54;0.95;5.6948;11.03;43.6;549;1064;4207;[Kr] 5s2;[Kr] 5s2;215;33.7;cubic: face centered;7440-24-6;0.0762;0.3;8.3;144;35.3;370;7.2;0.00046;Celestite (sulfide);silvery;fireworks (red flame);1808
39;Y;3;III B;5;yttrium;Yttrium;yttrium;itrio;ittrio;88.91;88.90585;1523;3337;s;4.47;1.22;6.217;12.24;20.52;600;1181;1980;[Kr] 5s2 4d1;[Kr] 5s2 4d1;180;19.8;hexagonal;7440-65-5;0.0166;0.3;11.4;363;17.2;33;0.000013;N/A;xenotime (phosphate);silvery;YAG laser, TV phosphor;1794
40;Zr;4;IV B;5;zirconium;Zirkonium;zirconium;circonio;zirconio;91.22;91.224;1852;4377;s;6.51;1.33;6.6339;13.13;22.99;640;1267;2218;[Kr] 5s2 4d2;[Kr] 5s2 4d2;160;14.1;hexagonal;7440-67-7;0.0236;0.27;16.9;58.2;22.7;165;0.00003;N/A;Zircon (silicate);grayish-white;deodorants, fuel rod clad;1789
41;Nb;5;VI B;5;niobium;Niob;niobium;niobio;niobio;92.91;92.90638;2468;4742;s;8.57;1.6;6.7589;14.32;25.04;652;1382;2416;[Kr] 5s2 4d3;[Kr] 5s1 4d4;146;10.87;cubic: body centered;01.03.7440;0.0693;0.26;26.4;682;53.7;20;0.00001;N/A;columbite (oxide);silvery-white;stainless steels, magnets;1801
42;Mo;6;VI B;5;molybdenum;Molybdän;molybd?ne;molibdeno;molibdeno;95.94;95.94;2617;4612;s;10.2;2.16;7.0924;16.461;27.16;684;1588;2621;[Kr] 5s2 4d4;[Kr] 5s1 4d5;139;9.4;cubic: body centered;7439-98-7;0.187;0.25;32;598;138;1.2;0.01;0.00001;Molybdenite (sulfide);silvery-white;catalysts, tool steel;1781
43;Tc;7;VII B;5;technetium;Technetium;technétium;tecnecio;tecnezio;98;98;2172;4877;s;11.5;1.9;7.28;15.26;29.54;702;1472;2850;[Kr] 5s2 4d5;[Kr] 5s2 4d5;136;8.5;hexagonal;7440-26-8;0.067;0.21;24;660;50.6;N/A;N/A;N/A;Synthetic (U fission);silvery gray;medical imaging agents;1939
44;Ru;8;VIII B;5;ruthenium;Ruthenium;ruthénium;rutenio;rutenio;101.1;101.07;2310;3900;s;12.4;2.2;7.3605;16.76;28.47;710;1617;2747;[Kr] 5s2 4d6;[Kr] 5s1 4d7;134;8.3;hexagonal;7440-18-8;0.137;0.238;24;595;117;0.001;0.0000007;N/A;nickel ores (sulfides);silvery-white;catalysts;1844
45;Rh;9;VIII B;5;rhodium;Rhodium;rhodium;rodio;rodio;102.9;102.9055;1966;3727;s;12.4;2.28;7.4589;18.08;31.06;720;1744;2997;[Kr] 5s2 4d7;[Kr] 5s1 4d8;134;8.3;cubic: face centered;7440-16-6;0.211;0.242;21.5;493;150;0.001;N/A;N/A;nickel ores (sulfides);silvery-white;catalysts, elec. contacts;1803
46;Pd;10;VIII B;5;palladium;Palladium;palladium;paladio;palladio;106.4;106.42;1554;3140;s;12;2.2;8.3369;19.63;32.93;804;1894;3177;[Kr] 5s2 4d8;[Kr] (5s0) 4d10;137;8.9;cubic: face centered;03.05.7440;0.095;0.24;17.6;357;71.8;0.015;N/A;N/A;nickel ores (sulfides);silvery-white;catalysts, dental crowns;1803
47;Ag;11;I B;5;silver;Silber;argent;plata;argento;107.9;107.8682;962;2212;s;10.5;1.93;7.5762;21.49;34.83;731;2073;3361;[Kr] 5s2 4d9;[Kr] 5s1 4d10;144;10.3;cubic: face centered;7440-22-4;0.63;0.235;11.3;250.58;429;0.075;0.00004;N/A;Argentite (sulfide);silvery;film(AgBr),coins,jewelry;N/A
48;Cd;12;II B;5;cadmium;Kadmium;cadmium;cadmio;cadmio;112.4;112.411;320.9;765;s;8.65;1.69;8.9937;16.908;37.48;868;1631;3616;[Kr] 5s2 4d10;[Kr] 5s2 4d10;151;13.1;hexagonal;7440-43-9;0.138;0.23;6.192;99.57;96.8;0.15;0.00011;0.00007;Sphalerite (sulfide);bluish-white;battery,yel. pigment(CdS);1817
49;In;13;III A;5;indium;Indium;indium;indio;indio;114.8;114.818;156.6;2080;s;7.31;1.78;5.7864;18.869;28.03;558;1821;2704;[Kr] 5s2 4d10 5p1;[Kr] 5s2 4d10 5p1;167;15.7;tetragonal;7440-74-6;0.116;0.23;3.263;231.5;81.6;0.25;0.002;N/A;Zn/Pb smelting by-product;silvery-white;transistors, photocells;1863
50;Sn;14;IV A;5;tin;Zinn;Étain;esta?o;stagno;118.7;118.71;232;2270;s;7.31;1.96;7.3438;14.632;30.502;709;1412;2943;[Kr] 5s2 4d10 5p2;[Kr] 5s2 4d10 5p2;140.5;16.3;tetragonal;7440-31-5;0.0917;0.227;7.029;295.8;66.6;2.3;0.000004;0.00002;Cassiterite (oxide);silvery-white;solder, pewter, bronze;N/A
51;Sb;15;V A;5;antimony;Antimon;antimoine;antimonio;antimonio;121.8;121.76;631;1950;s;6.69;2.05;8.64;16.53;25.3;834;1595;2441;[Kr] 5s2 4d10 5p3;[Kr] 5s2 4d10 5p3;140;18.23;rhombohedral;7440-36-0;0.0288;0.21;19.87;77.14;24.3;0.2;0.00024;N/A;Stibnite (sulfide);bluish-white;Pb alloy(battery), dyeing;1600
52;Te;16;VI A;5;tellurium;Tellur;tellure;teluro;tellurio;127.6;127.6;449.5;989.8;s;6.24;2.1;9.0096;18.6;27.96;869;1795;2698;[Kr] 5s2 4d10 5p4;[Kr] 5s2 4d10 5p4;142;20.5;hexagonal;13494-80-9;0.000002;0.2;17.49;52.55;2.35;0.001;N/A;N/A;Zn/Pb smelting by-product;silvery;semiconductors, steel;1783
53;I;17;VII A;5;iodine;Iod (Jod);iode;yodo;iodio;126.9;126.90447;113.5;184;s;4.93;2.66;10.4513;19.131;33;1008;1846;3184;[Kr] 5s2 4d10 5p5;[Kr] 5s2 4d10 5p5;133;25.74;orthorhombic;7553-56-2;8.00E-16;0.214;7.824;20.752;0.449;0.45;0.06;0.00002;Brines, Chilean nitrate (misc);bluish-black;nutrient, antiseptic;1811
54;Xe;18;VIII A;5;xenon;Xenon;xénon;xenón;xeno;131.3;131.293;-111.8;-107.1;g;0.00589;2.6;12.1299;21.21;32.1;1170;2046;3097;[Kr] 5s2 4d10 5p6;[Kr] 5s2 4d10 5p6;131;37.3;cubic: face centered;7440-63-3;N/A;0.158;2.297;12.636;0.00569;0.00003;0.00005;N/A;Air;colorless;UV-laser, hi intens lamps;1898
55;Cs;1;I A;6;cesium;Zäsium;césium;cesio;cesio;132.9;132.90545;28.4;669;s;1.87;0.79;3.8939;25.1;N/A;376;2422;N/A;[Xe] 6s1;[Xe] 6s1;265;71.07;cubic: body centered;7440-46-2;0.0489;0.24;2.092;67.74;59;3;0.0003;0.000002;Li extractn by-product;yellow/silvery;photocells, IR lamps;1860
56;Ba;2;II A;6;barium;Barium;baryum;bario;bario;137.3;137.327;725;1640;s;3.5;0.89;5.2117;10.004;N/A;503;965;N/A;[Xe] 6s2;[Xe] 6s2;222;39.24;cubic: body centered;7440-39-3;0.03;0.204;7.75;142;18.4;425;0.013;0.00003;Barite (sulfate);silvery-white;X-ray imaging agnt(BaSO4);1808
57;La;lanthanides;III B;6;lanthanum;Lanthan;lanthane;lantano;lantanio;138.9;138.90547;920;3454;s;6.15;1.1;5.577;11.059;19.174;538;1067;1850;[Xe] 6s2 4f1;[Xe] 6s2 4f1;187;20.73;hexagonal;7439-91-0;0.0126;0.19;6.2;414;13.5;39;0.0000034;N/A;Monazite(phosphate),bastnaesite;silvery-white;lighter flints, CRTs;1839
58;Ce;lanthanides;lanthanides;6;cerium;Zer;cérium;cerio;cerio;140.1;140.116;798;3257;s;6.66;1.12;5.5387;10.851;20.2;534;1047;1949;[Xe] 6s2 4f2;[Xe] 6s2 4f2;182;20.67;cubic: face centered;7440-45-1;0.0115;0.19;5.46;414;11.4;66.5;0.0000012;N/A;Monazite(phosphate),bastnaesite;silvery-white;self-cleaning ovens(CeO2);1803
59;Pr;lanthanides;lanthanides;6;praseodymium;Praseodym;praséodyme;prosedimio;praseodimio;140.9;140.90765;931;3017;s;6.77;1.13;5.464;10.551;21.62;527;1018;2086;[Xe] 6s2 4f3;[Xe] 6s2 4f3;182;20.8;hexagonal;7440-10-0;0.0148;0.19;6.89;296.8;12.5;9.2;0.00000064;N/A;Monazite(phosphate),bastnaesite;silvery-white;alloys, Welder's mask;1885
60;Nd;lanthanides;lanthanides;6;neodymium;Neodym;néodyme;neodimio;neodimio;144.2;144.242;1016;3127;s;7;1.14;5.525;10.727;22.076;533;1035;2130;[Xe] 6s2 4f4;[Xe] 6s2 4f4;181;20.6;hexagonal;7440-00-8;0.0157;0.19;7.14;273;16.5;41.5;0.0000028;N/A;Monazite(phosphate),bastnaesite;silvery-white;alloys, Welder's mask;1885
61;Pm;lanthanides;lanthanides;6;promethium;Promethium;prométhium;promecio;promezio;145;145;1042;3000;s;7.26;N/A;5.55;10.903;22.283;535;1052;2150;[Xe] 6s2 4f5;[Xe] 6s2 4f5;183;22.39;hexagonal;02.12.7440;N/A;0.18;N/A;N/A;17.9;N/A;N/A;N/A;Synthetic;silvery-white;nuclear battery;1945
62;Sm;lanthanides;lanthanides;6;samarium;Samarium;samarium;samario;samario;150.4;150.36;1074;1794;s;7.52;1.17;5.6437;11.069;23.423;545;1068;2260;[Xe] 6s2 4f6;[Xe] 6s2 4f6;180;19.95;rhombohedral;7440-19-9;0.00956;0.2;8.63;166.4;13.3;7.05;0.00000045;N/A;Monazite(phosphate),bastnaesite;silvery-white;alloys, headphones;1880
63;Eu;lanthanides;lanthanides;6;europium;Europium;europium;europio;europio;152;151.964;822;1529;s;5.24;N/A;5.6704;11.245;24.926;547;1085;2405;[Xe] 6s2 4f7;[Xe] 6s2 4f7;208;28.9;cubic: body centered;7440-53-3;0.00112;0.18;9.21;143.5;13.9;2;0.00000013;N/A;Monazite(phosphate),bastnaesite;silvery-white;alloys, color TV phosphor;1901
64;Gd;lanthanides;lanthanides;6;gadolinium;Gadolinium;gadolinium;gadolineo;gadolinio;157.3;157.25;1313;3273;s;7.9;1.2;6.15;12.095;20.635;593;1167;1991;[Xe] 6s2 4f8;[Xe] 6s2 4f8;180;19.9;hexagonal;7440-54-2;0.00736;0.23;10.05;359.4;10.6;6.2;0.0000007;N/A;Monazite(phosphate),bastnaesite;silvery-white;alloys, CD disk;1880
65;Tb;lanthanides;lanthanides;6;terbium;Terbium;terbium;terbio;terbio;158.9;158.92535;1365;3230;s;8.23;N/A;5.8939;11.525;21.91;569;1112;2114;[Xe] 6s2 4f9;[Xe] 6s2 4f9;177;19.2;hexagonal;7440-27-9;0.00889;0.18;10.8;330.9;11.1;1.2;0.00000014;N/A;Monazite(phosphate),bastnaesite;silvery-white;alloys;1843
66;Dy;lanthanides;lanthanides;6;dysprosium;Dysprosium;dysprosium;disprosio;disprosio;162.5;162.5;1412;2567;s;8.55;1.22;5.9389;11.67;22.802;573;1126;2200;[Xe] 6s2 4f10;[Xe] 6s2 4f10;178;19;hexagonal;7429-91-6;0.0108;0.17;11.06;230.1;10.7;5.2;0.00000091;N/A;Monazite(phosphate),bastnaesite;silvery-white;alloys, CD disk;1886
67;Ho;lanthanides;lanthanides;6;holmium;Holmium;holmium;holmio;olmio;164.9;164.93032;1474;2700;s;8.8;1.23;6.0216;11.805;22.843;581;1139;2204;[Xe] 6s2 4f11;[Xe] 6s2 4f11;176;18.8;hexagonal;7440-60-0;0.0124;0.16;12.2;241;16.2;1.3;0.00000022;N/A;Monazite(phosphate),bastnaesite;silvery-white;alloys;1879
68;Er;lanthanides;lanthanides;6;erbium;Erbium;erbium;erbio;erbio;167.3;167.259;1529;2868;s;9.07;1.24;6.1078;11.929;22.739;589;1151;2194;[Xe] 6s2 4f12;[Xe] 6s2 4f12;176;18.4;hexagonal;7440-52-0;0.0117;0.17;19.9;261;14.3;3.5;0.00000087;N/A;Monazite(phosphate),bastnaesite;silvery-white;alloys, photogr. filter;1843
69;Tm;lanthanides;lanthanides;6;thulium;Thulium;thulium;tulio;tulio;168.9;168.93421;1545;1950;s;9.32;1.25;6.1843;12.054;26.367;597;1163;2544;[Xe] 6s2 4f13;[Xe] 6s2 4f13;176;18.1;hexagonal;7440-30-4;0.015;0.16;16.84;191;16.8;0.52;0.00000017;N/A;Monazite(phosphate),bastnaesite;silvery-white;alloys;1879
70;Yb;lanthanides;lanthanides;6;ytterbium;Ytterbium;ytterbium;iterbio;itterbio;173;173.04;819;1196;s;6.97;N/A;6.2542;12.188;25.03;603;1176;2415;[Xe] 6s2 4f14;[Xe] 6s2 4f14;193;24.79;cubic: face centered;7440-64-4;0.0351;0.15;7.66;128.9;34.9;3.2;0.00000082;N/A;Monazite(phosphate),bastnaesite;silvery-white;alloys;1879
71;Lu;3;lanthanides;6;lutetium;Lutetium;lutécium;lutecio;lutezio;175;174.967;1663;3402;s;9.84;1.27;5.4259;13.888;20.957;524;1340;2022;[Xe] 6s2 4f14 5d1;[Xe] 6s2 4f14 5d1;174;17.78;hexagonal;7439-94-3;0.0185;0.15;18.6;355.9;16.4;0.8;0.00000015;N/A;Monazite(phosphate),bastnaesite;silvery-white;alloys;1907
72;Hf;4;IV B;6;hafnium;Hafnium;hafnium;hafnio;hafnio;178.5;178.49;2227;4600;s;13.3;1.3;6.8251;14.925;23.32;659;1440;2250;[Xe] 6s2 4f14 5d2;[Xe] 6s2 4f14 5d2;159;13.6;hexagonal;7440-58-6;0.0312;0.14;24.06;575;23;3;0.000007;N/A;Zircon (silicate);silvery;nuclear control rods;1923
73;Ta;5;V B;6;tantalum;Tantal;tantale;tántalo;tantalio;180.9;180.94788;2996;5425;s;16.6;1.5;7.89;N/A;N/A;761;N/A;N/A;[Xe] 6s2 4f14 5d3;[Xe] 6s2 4f14 5d3;146;10.9;cubic: body centered;7440-25-7;0.0761;0.14;31.6;743;57.5;2;0.000002;N/A;Tantalite (oxide);gray;surg. implants,heat exch.;1802
74;W;6;VI B;6;tungsten;Wolfram;tungst?ne;wolframio or tungsteno;tungsteno;183.8;183.84;3410;5660;s;19.3;2.36;7.98;N/A;N/A;770;N/A;N/A;[Xe] 6s2 4f14 5d4;[Xe] 6s2 4f14 5d4;139;9.53;cubic: body centered;7440-33-7;0.189;0.13;35.4;824;174;1.25;0.0001;N/A;Scheelite,wolframite(oxide);bluish-gray;WC drill bits, bulb wire;1783
75;Re;7;VII B;6;rhenium;Rhenium;rhénium;renio;renio;186.2;186.207;3180;5600;s;21;1.9;7.88;N/A;N/A;760;N/A;N/A;[Xe] 6s2 4f14 5d5;[Xe] 6s2 4f14 5d5;137;8.85;hexagonal;7440-15-5;0.0542;0.13;33.2;715;47.9;0.0007;0.000004;N/A;Molybdenite (sulfide);silvery-white;catalysts, thermocouples;1925
76;Os;8;VIII B;6;osmium;Osmium;osmium;osmio;osmio;190.2;190.23;3045;5030;s;22.6;2.2;8.7;N/A;N/A;839;N/A;N/A;[Xe] 6s2 4f14 5d6;[Xe] 6s2 4f14 5d6;135;8.49;hexagonal;02.04.7440;0.109;0.13;31.8;746;87.6;0.0015;N/A;N/A;nickel ores (sulfides);bluish-white;hard alloys,phono needles;1804
77;Ir;9;VIII B;6;iridium;Iridium;iridium;iridio;iridio;192.2;192.217;2410;4130;s;22.4;2.2;9.1;N/A;N/A;878;N/A;N/A;[Xe] 6s2 4f14 5d7;[Xe] 6s2 4f14 5d7;136;8.54;cubic: face centered;7439-88-5;0.197;0.13;26.1;604;147;0.001;N/A;N/A;nickel ores (sulfides);white;Pt/Ir sparkplugs;1804
78;Pt;10;VIII B;6;platinum;Platin;platine;platino;platino;195.1;195.084;1772;3827;s;21.4;2.28;9;18.563;N/A;868;1791;N/A;[Xe] 6s2 4f14 5d8;[Xe] 6s2 4f14 5d8;139;9.1;cubic: face centered;04.06.7440;0.0966;0.13;19.6;510;71.6;0.005;N/A;N/A;nickel ores (sulfides);silvery-white;jewelry, catalysts;1748
79;Au;11;I B;6;gold;Gold;or;oro;oro;197;196.96657;1064;3080;s;19.3;2.54;9.2257;20.521;N/A;890;1980;N/A;[Xe] 6s2 4f14 5d9;[Xe] 6s2 4f14 5d9;144;10.2;cubic: face centered;7440-57-5;0.452;0.128;12.55;334.4;317;0.004;0.004;0.00001;Gold, gold bearing rock (misc);golden yellow;jewelry, electronics;N/A
80;Hg;12;II B;6;mercury;Quecksilber;mercure;mercurio;mercurio;200.6;200.59;-38.9;357;l;13.5;2;10.4375;18.759;34.202;1007;1810;3300;[Xe] 6s2 4f14 5d10;[Xe] 6s2 4f14 5d10;151;14.82;rhombohedral;7439-97-6;0.0104;0.139;2.295;59.229;8.34;0.085;0.00003;N/A;Cinnabar (sulfide);silvery-white;amalgams, Cl2, NaOH prod.;N/A
81;Tl;13;III A;6;thallium;Thallium;thallium;talio;tallio;204.4;204.3833;303;1457;s;11.9;1.62;6.1083;20.428;29.829;589;1971;2878;[Xe] 6s2 4f14 5d10 6p1;[Xe] 6s2 4f14 5d10 6p1;170;17.2;hexagonal;7440-28-0;0.0617;0.13;4.142;164.1;46.1;0.85;0.000019;N/A;Zn/Pb smelting by-product;bluish-gray;IR detectors, photomult.;1861
82;Pb;14;IV A;6;lead;Blei;plomb;plomo;piombo;207.2;207.2;327.5;1740;s;11.4;2.33;7.4167;15.028;31.943;716;1450;3082;[Xe] 6s2 4f14 5d10 6p2;[Xe] 6s2 4f14 5d10 6p2;146;18.17;cubic: face centered;7439-92-1;0.0481;0.13;4.799;177.7;35.3;0.14;0.00003;0.00017;Galena (sulfide);gray;batteries, solder, paints;N/A
83;Bi;15;V A;6;bismuth;Wismut;bismuth;bismuto;bismuto;209;208.9804;271;1560;s;9.75;2.02;7.289;16.687;25.559;703;1610;2466;[Xe] 6s2 4f14 5d10 6p3;[Xe] 6s2 4f14 5d10 6p3;150;21.3;rhombohedral;7440-69-9;0.00867;0.12;11.3;104.8;7.87;0.0085;0.00002;N/A;Pb smelting by-product;white;antacid, fusible alloy;1600
84;Po;16;VI A;6;polonium;Polonium;polonium;polonio;polonio;209;209;254;962;s;9.32;2;8.4167;N/A;N/A;812;N/A;N/A;[Xe] 6s2 4f14 5d10 6p4;[Xe] 6s2 4f14 5d10 6p4;168;22.23;monoclinic;06.08.7440;0.0219;0.12;N/A;N/A;20;2.00E-10;1.40E-14;N/A;pitchblende, synthetic;blue glow;thermoelectric power;1898
85;At;17;VII A;6;astatine;Astat;astate;astato;astato;210;210;302;337;s;N/A;2.2;9.5;N/A;N/A;917;N/A;N/A;[Xe] 6s2 4f14 5d10 6p5;[Xe] 6s2 4f14 5d10 6p5;N/A;N/A;N/A;7440-68-8;N/A;N/A;N/A;N/A;1.7;N/A;N/A;N/A;Synthetic(Th or U decay);N/A;N/A;1940
86;Rn;18;VIII A;6;radon;Radon;radon;radón;radon;222;222;-71;-61.8;g;0.00973;N/A;10.7485;N/A;N/A;1037;N/A;N/A;[Xe] 6s2 4f14 5d10 6p6;[Xe] 6s2 4f14 5d10 6p6;N/A;50.5;cubic: face centered;10043-92-2;N/A;0.09;2.89;16.4;0.00364;4.00E-13;6.00E-16;N/A;Synthetic(Ra-226 decay);colorless;earthquake prediction;1900
87;Fr;1;I A;7;francium;Franzium;francium;francio;francio;223;223;27;677;s;N/A;0.7;3.94;N/A;N/A;380;N/A;N/A;[Rn] 7s1;[Rn] 7s1;N/A;N/A;cubic: body centered;7440-73-5;0.03;N/A;N/A;N/A;15;N/A;N/A;N/A;Synthetic(U-235 decay);N/A;N/A;1939
88;Ra;2;II A;7;radium;Radium;radium;radio;radio;226;226;700;1140;s;5;0.9;5.2789;10.148;N/A;509;979;N/A;[Rn] 7s2;[Rn] 7s2;N/A;45.2;cubic: body centered;7440-14-4;N/A;0.12;N/A;N/A;18.6;0.0000009;8.90E-11;N/A;pitchblende(U-238 decay);white;neutron source;1898
89;Ac;actinides;III B;7;actinium;Aktinium;actinium;actinio;attinio;227;227;1050;3200;s;10.1;1.1;5.17;12.126;N/A;499;1170;N/A;[Rn] 7s2 5f1;[Rn] 7s2 5f1;N/A;22.54;cubic: face centered;7440-34-8;N/A;N/A;N/A;N/A;12;5.50E-10;N/A;N/A;Synthetic(U-235 decay);silvery-white;thermoelectric power;1899
90;Th;actinides;actinides;7;thorium;Thorium;thorium;torio;torio;232;232.03806;1750;4790;s;11.7;1.3;6.08;11.504;20.003;587;1110;1930;[Rn] 7s2 5f2;[Rn] 7s2 5f2;179;19.9;cubic: face centered;7440-29-1;0.0653;0.12;16.1;514.4;54;9.6;0.000001;N/A;Monazite(phosphate),U extractn;white;gas mantles (ThO2);1829
91;Pa;actinides;actinides;7;protactinium;Protaktinium;protactinium;protactinio;protoattinio;231;231.03588;1570;4000;s;15.4;1.5;5.89;N/A;N/A;568;N/A;N/A;[Rn] 7s2 5f3;[Rn] 7s2 5f3;163;15;orthorhombic;7440-13-3;0.0529;0.12;12.3;N/A;47;0.0000014;5.00E-11;N/A;Synthetic(U-235 decay);silvery;N/A;1917
92;U;actinides;actinides;7;uranium;Uran;uranium;uranio;uranio;238;238.02891;1132;3818;s;19;1.38;6.1941;N/A;N/A;598;N/A;N/A;[Rn] 7s2 5f4;[Rn] 7s2 5f4;156;12.59;orthorhombic;7440-61-1;0.038;0.12;8.52;477;27.6;2.7;0.0032;0.0000001;Uranite (oxide);silvery;nuclear reactor fuel;1789
93;Np;actinides;actinides;7;neptunium;Neptunium;neptunium;neptunio;nettunio;237;237;640;3900;s;20.2;1.36;6.2657;N/A;N/A;605;N/A;N/A;[Rn] 7s2 5f5;[Rn] 7s2 5f5;155;11.62;orthorhombic;7439-99-8;0.00822;0.12;5.19;N/A;6.3;N/A;N/A;N/A;Synthetic;silvery;N/A;1940
94;Pu;actinides;actinides;7;plutonium;Plutonium;plutonium;plutonio;plutonio;239;239;641;3232;s;19.8;1.28;6.06;N/A;N/A;585;N/A;N/A;[Rn] 7s2 5f6;[Rn] 7s2 5f6;159;12.32;monoclinic;05.07.7440;0.00666;0.13;2.84;344;6.74;N/A;N/A;N/A;Synthetic;silvery;weapon fuel, pacemakers;1940
95;Am;actinides;actinides;7;americium;Amerizium;américium;americio;americio;243;243;994;2607;s;13.7;1.3;5.9933;N/A;N/A;578;N/A;N/A;[Rn] 7s2 5f7;[Rn] 7s2 5f7;173;17.86;hexagonal;7440-35-9;0.022;0.11;14.4;N/A;10;N/A;N/A;N/A;Synthetic;silvery-white;smoke detector;1944
96;Cm;actinides;actinides;7;curium;Kurium;curium;curio;curio;247;247;1340;N/A;s;13.5;1.3;6.02;N/A;N/A;581;N/A;N/A;[Rn] 7s2 5f8;[Rn] 7s2 5f8;174;18.28;hexagonal;7440-51-9;N/A;N/A;15;N/A;10;N/A;N/A;N/A;Synthetic;silvery-white;thermoelec. pwr, n source;1944
97;Bk;actinides;actinides;7;berkelium;Berkelium;berkélium;berkelio;berkelio;247;247;986;N/A;s;14;1.3;6.23;N/A;N/A;601;N/A;N/A;[Rn] 7s2 5f9;[Rn] 7s2 5f9;170;N/A;N/A;7440-40-6;N/A;N/A;N/A;N/A;10;N/A;N/A;N/A;Synthetic;silvery;N/A;1949
98;Cf;actinides;actinides;7;californium;Kalifornium;californium;californio;californio;251;251;N/A;N/A;N/A;N/A;1.3;6.3;N/A;N/A;608;N/A;N/A;[Rn] 7s2 5f10;[Rn] 7s2 5f10;186;N/A;N/A;7440-71-3;N/A;N/A;N/A;N/A;10;N/A;N/A;N/A;Synthetic;N/A;neutron source;1949
99;Es;actinides;actinides;7;einsteinium;Einsteinium;einsteinium;einstenio;einstenio;252;252;N/A;N/A;N/A;N/A;1.3;6.42;N/A;N/A;619;N/A;N/A;[Rn] 7s2 5f11;[Rn] 7s2 5f11;186;N/A;N/A;7429-92-7;N/A;N/A;N/A;N/A;10;N/A;N/A;N/A;Synthetic;N/A;N/A;1954
100;Fm;actinides;actinides;7;fermium;Fermium;fermium;fermio;fermio;257;257;N/A;N/A;N/A;N/A;1.3;6.5;N/A;N/A;627;N/A;N/A;[Rn] 7s2 5f12;[Rn] 7s2 5f12;N/A;N/A;N/A;7440-72-4;N/A;N/A;N/A;N/A;10;N/A;N/A;N/A;Synthetic;N/A;N/A;1954
101;Md;actinides;actinides;7;mendelevium;Mendelevium;mendélévium;mendelevio;mendelevio;258;258;N/A;N/A;N/A;N/A;1.3;6.58;N/A;N/A;635;N/A;N/A;[Rn] 7s2 5f13;[Rn] 7s2 5f13;N/A;N/A;N/A;01.11.7440;N/A;N/A;N/A;N/A;10;N/A;N/A;N/A;Synthetic;N/A;N/A;1955
102;No;actinides;actinides;7;nobelium;Nobelium;nobélium;nobelio;nobelio;259;259;N/A;N/A;N/A;N/A;1.3;6.65;N/A;N/A;642;N/A;N/A;[Rn] 7s2 5f14;[Rn] 7s2 5f14;N/A;N/A;N/A;10028-14-5;N/A;N/A;N/A;N/A;10;N/A;N/A;N/A;Synthetic;N/A;N/A;1958
103;Lr;3;actinides;7;lawrencium;Lawrencium;lawrencium;lawrencio;laurenzio;262;262;N/A;N/A;N/A;N/A;N/A;N/A;N/A;N/A;N/A;N/A;N/A;[Rn] 7s2 5f14 6d1;[Rn] 7s2 5f14 6d1;N/A;N/A;N/A;22537-19-5;N/A;N/A;N/A;N/A;10;N/A;N/A;N/A;Synthetic;N/A;N/A;1961
104;Rf;4;IV B;7;rutherfordium;Rutherfordium;rutherfordium;ruterfordio;rutherfordio;261;261;N/A;N/A;N/A;N/A;N/A;N/A;N/A;N/A;N/A;N/A;N/A;[Rn] 7s2 5f14 6d2;[Rn] 7s2 5f14 6d2;N/A;N/A;N/A;53850-36-5;N/A;N/A;N/A;N/A;23;N/A;N/A;N/A;N/A;N/A;N/A;N/A
105;Db;5;V B;7;dubnium;Dubnium;dubnium;dubnio;dubnio;262;262;N/A;N/A;N/A;N/A;N/A;N/A;N/A;N/A;N/A;N/A;N/A;[Rn] 7s2 5f14 6d3;[Rn] 7s2 5f14 6d3;N/A;N/A;N/A;53850-35-4;N/A;N/A;N/A;N/A;58;N/A;N/A;N/A;N/A;N/A;N/A;N/A
106;Sg;6;VI B;7;seaborgium;Seaborgium;seaborgium;seaborgio;seaborgio;266;266;N/A;N/A;N/A;N/A;N/A;N/A;N/A;N/A;N/A;N/A;N/A;[Rn] 7s2 5f14 6d4;[Rn] 7s2 5f14 6d4;N/A;N/A;N/A;54038-81-2;N/A;N/A;N/A;N/A;N/A;N/A;N/A;N/A;N/A;N/A;N/A;N/A
107;Bh;7;VII B;7;bohrium;Bohrium;bohrium;bohrio;bohrio;264;264;N/A;N/A;N/A;N/A;N/A;N/A;N/A;N/A;N/A;N/A;N/A;[Rn] 7s2 5f14 6d5;[Rn] 7s2 5f14 6d5;N/A;N/A;N/A;54037-14-8;N/A;N/A;N/A;N/A;N/A;N/A;N/A;N/A;N/A;N/A;N/A;N/A
108;Hs;8;VIII B;7;hassium;Hassium;hassium;hassio;hassio;277;277;N/A;N/A;N/A;N/A;N/A;N/A;N/A;N/A;N/A;N/A;N/A;[Rn] 7s2 5f14 6d6;[Rn] 7s2 5f14 6d6;N/A;N/A;N/A;54037-57-9;N/A;N/A;N/A;N/A;N/A;N/A;N/A;N/A;N/A;N/A;N/A;N/A
109;Mt;9;VIII B;7;meitnerium;Meitnerium ;meitnérium;meitnerio;meitnerio;268;268;N/A;N/A;N/A;N/A;N/A;N/A;N/A;N/A;N/A;N/A;N/A;[Rn] 7s2 5f14 6d7;[Rn] 7s2 5f14 6d7;N/A;N/A;N/A;54038-01-6;N/A;N/A;N/A;N/A;N/A;N/A;N/A;N/A;N/A;N/A;N/A;N/A
110;Ds;10;VIII B;7;darmstadtium;Darmstadtium;darmstadtium;darmstadtio;darmstadtio;281;281;N/A;N/A;N/A;N/A;N/A;N/A;N/A;N/A;N/A;N/A;N/A;[Rn] 7s2 5f14 6d8;[Rn] 7s2 5f14 6d8;N/A;N/A;N/A;54083-77-1;N/A;N/A;N/A;N/A;N/A;N/A;N/A;N/A;N/A;N/A;N/A;N/A
111;Rg;11;I B;7;roentgentium;Roentgentium;roentgentium;roentgentio;roentgentio;272;272;N/A;N/A;N/A;N/A;N/A;N/A;N/A;N/A;N/A;N/A;N/A;[Rn] 7s2 5f14 6d9;[Rn] 7s2 5f14 6d9;N/A;N/A;N/A;54386-24-2;N/A;N/A;N/A;N/A;N/A;N/A;N/A;N/A;N/A;N/A;N/A;N/A
112;Cn;12;II B;7;copernicum;Kopernikum;copérnicum;copernico;copernico;285;285;N/A;N/A;N/A;N/A;N/A;N/A;N/A;N/A;N/A;N/A;N/A;[Rn] 7s2 5f14 6d10;[Rn] 7s2 5f14 6d10;N/A;N/A;N/A;54084-26-3;N/A;N/A;N/A;N/A;N/A;N/A;N/A;N/A;N/A;N/A;N/A;N/A
113;Nh;13;III A;7;nihonium;Ununtrium;ununtrium;ununtrio;ununtrio;284;284;N/A;N/A;N/A;N/A;N/A;N/A;N/A;N/A;N/A;N/A;N/A;[Rn] 7s2 5f14 6d10 7p1;[Rn] 7s2 5f14 6d10 7p1;N/A;N/A;N/A;54084-70-7;N/A;N/A;N/A;N/A;N/A;N/A;N/A;N/A;N/A;N/A;N/A;N/A
114;Fl;14;IV A;7;flerovium;Flerovium;flerovium;flerovio;flerovio;289;289;N/A;N/A;N/A;N/A;N/A;N/A;N/A;N/A;N/A;N/A;N/A;[Rn] 7s2 5f14 6d10 7p2;[Rn] 7s2 5f14 6d10 7p2;N/A;N/A;N/A;54085-16-4;N/A;N/A;N/A;N/A;N/A;N/A;N/A;N/A;N/A;N/A;N/A;N/A
115;Mc;15;V A;7;moscovium;Ununpentium;ununpentium;ununpentio;ununpentio;288;288;N/A;N/A;N/A;N/A;N/A;N/A;N/A;N/A;N/A;N/A;N/A;[Rn] 7s2 5f14 6d10 7p3;[Rn] 7s2 5f14 6d10 7p3;N/A;N/A;N/A;54085-64-2;N/A;N/A;N/A;N/A;N/A;N/A;N/A;N/A;N/A;N/A;N/A;N/A
116;Lv;16;VI A;7;livermorium;Livermorium;livermorium;livermorio;livermorio;292;292;N/A;N/A;N/A;N/A;N/A;N/A;N/A;N/A;N/A;N/A;N/A;[Rn] 7s2 5f14 6d10 7p4;[Rn] 7s2 5f14 6d10 7p4;N/A;N/A;N/A;54100-71-9;N/A;N/A;N/A;N/A;N/A;N/A;N/A;N/A;N/A;N/A;N/A;N/A
117;Ts;17;VII A;7;tennessine;Ununseptium;ununseptium;ununseptio;ununseptio;293;293;N/A;N/A;N/A;N/A;N/A;N/A;N/A;N/A;N/A;N/A;N/A;[Rn] 7s2 5f14 6d10 7p5;[Rn] 7s2 5f14 6d10 7p5;N/A;N/A;N/A;87658-56-8;N/A;N/A;N/A;N/A;N/A;N/A;N/A;N/A;N/A;N/A;N/A;N/A
118;Og;18;VIII A;7;oganesson;Ununoctium;ununoctium;ununoctio;ununoctio;294;294;N/A;N/A;N/A;N/A;N/A;N/A;N/A;N/A;N/A;N/A;N/A;[Rn] 7s2 5f14 6d10 7p6;[Rn] 7s2 5f14 6d10 7p6;N/A;N/A;N/A;54144-19-3;N/A;N/A;N/A;N/A;N/A;N/A;N/A;N/A;N/A;N/A;N/A;N/A
